{"cameraMode":{"drawMode":0,"name":"Shaded","section":"Shading Mode"},"sceneLighting":true,"audioPlay":false,"sceneViewState":{"showFog":true,"showMaterialUpdate":false,"showSkybox":true,"showFlares":true,"showImageEffects":true,"showParticleSystems":true},"in2DMode":false,"pivot":{"x":764.0645751953125,"y":752.7991943359375,"z":-307.3416748046875},"rotation":{"x":0.17807960510253907,"y":-0.10135101526975632,"z":0.018441516906023027,"w":0.9786089658737183},"size":40000.0,"orthographic":false}