{"cameraMode":{"drawMode":0,"name":"Shaded","section":"Shading Mode"},"sceneLighting":true,"audioPlay":false,"sceneViewState":{"showFog":true,"showMaterialUpdate":false,"showSkybox":true,"showFlares":true,"showImageEffects":true,"showParticleSystems":true},"in2DMode":false,"pivot":{"x":45.34174346923828,"y":87.37415313720703,"z":26.51754379272461},"rotation":{"x":-0.3468715250492096,"y":0.3786728084087372,"z":-0.15565675497055055,"w":-0.8438544273376465},"size":179.49557495117188,"orthographic":false}