{"cameraMode":{"drawMode":0,"name":"Shaded","section":"Shading Mode"},"sceneLighting":true,"audioPlay":false,"sceneViewState":{"showFog":true,"showMaterialUpdate":false,"showSkybox":true,"showFlares":true,"showImageEffects":true,"showParticleSystems":true},"in2DMode":false,"pivot":{"x":-2.943401336669922,"y":19.056081771850587,"z":26.837669372558595},"rotation":{"x":-0.044417671859264377,"y":-0.9380034804344177,"z":0.1311405748128891,"w":-0.3178428113460541},"size":7.0151567459106449,"orthographic":false}