{"cameraMode":{"drawMode":0,"name":"Shaded","section":"Shading Mode"},"sceneLighting":true,"audioPlay":false,"sceneViewState":{"showFog":true,"showMaterialUpdate":false,"showSkybox":true,"showFlares":true,"showImageEffects":true,"showParticleSystems":true},"in2DMode":false,"pivot":{"x":12.291656494140625,"y":124.47399139404297,"z":-100.87944030761719},"rotation":{"x":0.30468258261680605,"y":0.000549894873984158,"z":-0.0002039766259258613,"w":0.9524660110473633},"size":138.94850158691407,"orthographic":false}